{"cameraMode":{"drawMode":0,"name":"Shaded","section":"Shading Mode"},"sceneLighting":false,"audioPlay":false,"sceneViewState":{"showFog":true,"showMaterialUpdate":false,"showSkybox":true,"showFlares":true,"showImageEffects":true,"showParticleSystems":true},"in2DMode":false,"pivot":{"x":721.1307983398438,"y":491.2401123046875,"z":-15.60150146484375},"rotation":{"x":-0.016791533678770067,"y":0.045575108379125598,"z":-0.000766307464800775,"w":-0.9988195300102234},"size":604.6900634765625,"orthographic":false}