{"cameraMode":{"drawMode":0,"name":"Shaded","section":"Shading Mode"},"sceneLighting":false,"audioPlay":false,"sceneViewState":{"showFog":true,"showMaterialUpdate":false,"showSkybox":true,"showFlares":true,"showImageEffects":true,"showParticleSystems":true},"in2DMode":false,"pivot":{"x":483.5605163574219,"y":268.0114440917969,"z":1.49871826171875},"rotation":{"x":-0.042294543236494067,"y":0.011086983606219292,"z":-0.0004693748487625271,"w":-0.9990435838699341},"size":154.6357879638672,"orthographic":false}