{"cameraMode":{"drawMode":0,"name":"Shaded","section":"Shading Mode"},"sceneLighting":false,"audioPlay":false,"sceneViewState":{"showFog":true,"showMaterialUpdate":false,"showSkybox":true,"showFlares":true,"showImageEffects":true,"showParticleSystems":true},"in2DMode":false,"pivot":{"x":181.06158447265626,"y":260.72393798828127,"z":-2.57666015625},"rotation":{"x":-0.0797186940908432,"y":0.012556727975606919,"z":-0.0010042862268164754,"w":-0.9967378377914429},"size":784.08154296875,"orthographic":false}