{"cameraMode":{"drawMode":0,"name":"Shaded","section":"Shading Mode"},"sceneLighting":false,"audioPlay":false,"sceneViewState":{"showFog":true,"showMaterialUpdate":false,"showSkybox":true,"showFlares":true,"showImageEffects":true,"showParticleSystems":true},"in2DMode":false,"pivot":{"x":-0.07900847494602204,"y":0.020843006670475007,"z":0.08241268992424011},"rotation":{"x":-0.11979559808969498,"y":0.33879363536834719,"z":-0.043538473546504977,"w":-0.9321868419647217},"size":0.4816191494464874,"orthographic":false}