{"cameraMode":{"drawMode":0,"name":"Shaded","section":"Shading Mode"},"sceneLighting":false,"audioPlay":false,"sceneViewState":{"showFog":true,"showMaterialUpdate":false,"showSkybox":true,"showFlares":true,"showImageEffects":true,"showParticleSystems":true},"in2DMode":false,"pivot":{"x":949.8499755859375,"y":671.2750244140625,"z":0.0},"rotation":{"x":-0.016791533678770067,"y":0.045575108379125598,"z":-0.000766307464800775,"w":-0.9988195300102234},"size":174.9063720703125,"orthographic":false}