{"cameraMode":{"drawMode":0,"name":"Shaded","section":"Shading Mode"},"sceneLighting":false,"audioPlay":false,"sceneViewState":{"showFog":true,"showMaterialUpdate":false,"showSkybox":true,"showFlares":true,"showImageEffects":true,"showParticleSystems":true},"in2DMode":false,"pivot":{"x":377.85150146484377,"y":204.5696258544922,"z":8.03662109375},"rotation":{"x":-0.015307541936635971,"y":-0.014400660060346127,"z":0.00022047637321520597,"w":-0.9997791051864624},"size":598.4166870117188,"orthographic":false}