{"cameraMode":{"drawMode":0,"name":"Shaded","section":"Shading Mode"},"sceneLighting":false,"audioPlay":false,"sceneViewState":{"showFog":true,"showMaterialUpdate":false,"showSkybox":true,"showFlares":true,"showImageEffects":true,"showParticleSystems":true},"in2DMode":false,"pivot":{"x":427.0613708496094,"y":335.5104064941406,"z":-35.452880859375},"rotation":{"x":-0.0018032160587608815,"y":-0.08629444241523743,"z":0.00015613269351888448,"w":-0.9962680339813232},"size":921.2193603515625,"orthographic":false}