{"cameraMode":{"drawMode":0,"name":"Shaded","section":"Shading Mode"},"sceneLighting":false,"audioPlay":false,"sceneViewState":{"showFog":true,"showMaterialUpdate":false,"showSkybox":true,"showFlares":true,"showImageEffects":true,"showParticleSystems":true},"in2DMode":false,"pivot":{"x":237.094482421875,"y":231.22305297851563,"z":0.0},"rotation":{"x":-0.0647423043847084,"y":0.02603938989341259,"z":-0.0016899793408811093,"w":-0.9975607991218567},"size":268.6005554199219,"orthographic":false}